user_id;name;surname;username;password;email;roles;host_since;about;user_pic_url;neighbourhood;location;host_verifications;languages
1;Matteo;Giannoli;Matteo;matteo123;matteogiannoli@gmail.com;1,2,3,4;2014-02-26;Amo viaggiare e adoro essere ospitato dove posso sentirmi a casa.;https://a0.muscache.com/im/pictures/user/213eba4a-b7b4-499f-b3af-b1e04536f8ef.jpg;Monti;Roma, Lazio, Italia;1,2;1,2
2;Federica;Patrizi;Federica;federica123;federicapatrizi@gmail.com;1,2,3;2016-04-05;Sono sposata, ho un bambino di 8 anni e non posso fare a meno di mangiare bene, godermi ogni tanto qualche giorno in campagna per passeggiare, stare con gli amici e la mia famiglia!!! ;https://a0.muscache.com/im/pictures/user/eae131ca-e924-40e9-b0f8-268241987f25.jpg;Sallustiano;Roma, Lazio, Italia;1,2;1,2
3;Germana;Cataldo;Germana;germana123;germanacataldo@gmail.com;1,3;2013-06-12;Gestisco il B&B The Suite in Rome insieme a mio marito.;https://a0.muscache.com/im/users/6876317/profile_pic/1371054185/original.jpg;Trastevere;Roma, Lazio, Italia;1,2,3;1,2,3,4
4;Rocco;Rimonta;Rocco;rocco123;roccorimonta@gmail.com;1,3;2016-05-06;"Hi I'm Rocco... I'm a man... yes I have to specify it because some guests in the past, thought that Rocco was a woman's name... isn't so.. in Italy Rocco is a man.. ahahaha
Jokes aside, I have to write something about me so...
I worked twelve years in a big shop in Termini Station. There was tourists everywhere. My job was sell, sell,and sell.. everything to everyone. It was so boring. So I decided to change something trying to work on my own. I wanted ""sell"" something nice to peoples. Before to be an host I was a guest. I love kind and friendly peoples, when I'm in vacation I love hospitality, especially if I'm away from home. So this is my job today: I like to help my guests to spend their time in Rome better, and why not? Maybe tomorrow I'll be able to read in your review: ""Thank you Rocco, we felt like home!"" :) :)";https://a0.muscache.com/im/pictures/user/3c388d54-bc7e-4fd5-933e-501f9934bb9f.jpg;Monti;Roma, Lazio, Italia;1,2;1,2,3
5;Patrizio;Sallusti;Patrizio;patrizio123;patriziosallusti@gmail.com;1,3;2014-09-05;"Ciao! Mi chiamo Patrizio, ho 33 anni, sono un imprenditore. 
sono nato e vivo a roma e amo questa città. 

Hi everyone! My name is Patrizio  , im 33 . loving, studying and working in Rome. 
I'm very friendly and i like to meet people from other country. 
my goal:  be the best host ever and give an amazing experience to my guests .
I love to see my guests happy, to see a smile upon their faces , it makes me happy a lot. 
Check all my listing of flats!! :)";https://a0.muscache.com/im/pictures/user/6e75f2f9-f4f1-475d-b6bf-01199cad207c.jpg;Esquilino;Roma, Lazio, Italia;1,2,3;1,2
6;Marina;Verdi;Marina;marina123;marinaverdi@gmail.com;1,3;2013-07-10;"Nata e cresciuta in questa bellissima città, dopo la laurea in Psicologia ho svolto attività di psicoterapeuta per moltissimi anni. Qualche anno mi sono avvicinata  al mondo dell'accoglienza turistica e insieme a mia figlia abbiamo deciso di mettere a disposizione dei nostri ospiti le accoglienti e belle case di nostra proprietà nei caratteristici quartieri di Trastevere, Parione e Aventino.
Piena di entusiasmo mi sono quindi immersa in questa bellissima esperienza che mi consente di conoscere i miei ospiti a cui, insieme al mio team,  , dedico sempre le maggiori attenzioni e cura con il desiderio di fargli conoscere la millenaria città di Roma.";https://a0.muscache.com/im/pictures/user/fd5daa44-f107-4a1f-9452-db7a834611b4.jpg;Trastevere;Roma, Lazio, Italia;1,2,3;1,2
7;Giordano;Corrini;Giordano;giordano123;giordanocorrini@gmail.com;1,3;2016-06-22;Vivo a Roma nell'appartamento di sopra al B&B. Parlo 6 lingue e posso facilmente comunicare con gli ospiti se necessitano di assistenza, ulteriori informazioni ecc. ;https://a0.muscache.com/im/pictures/user/c0ff3b44-8c8f-463a-9010-5eb16c7fe294.jpg;Monti;Roma, Lazio, Italia;1,2;1,2
8;Ludovica;Maraldi;Ludovica;ludovica123;ludovicamaraldi@gmail.com;1,3;2016-10-21;I'm a person who loves traveling. I strongly believe that each experience I lived in my travels, around the world, has enriched me of new emotions and sensations and i try to forward, what i learnt, to all the guests staying here giving them all the attention and the maximum professionality they deserve.;https://a0.muscache.com/im/pictures/user/2c193cec-993c-478f-8419-808836f56fbc.jpg;Aurelio;Roma, Lazio, Italia;1,2;1,2
9;Vania;Ginepri;Vania;vania123;vaniaginepri@gmail.com;1,3,4;2012-02-15;"Ciao sono Vania,sono iscritta su airbnb dal 2012 ma da gennaio 2017 ho deciso di mettere a disposizione di tutti i viaggiatori del mondo la mia casa. 
";https://a0.muscache.com/im/pictures/user/e8a4f1d4-d46d-4bbe-96d8-c6ea0e328ed8.jpg;;Roma, Lazio, Italia;1,2;1,2,4
10;Giorgio;Rossi;Giorgio;giorgio123;giorgiorossi@gmail.com;1,3;2016-12-13;;https://a0.muscache.com/im/pictures/user/4a3dc138-ad9e-4ec2-896c-1b8d542dd075.jpg;Trevi;Roma, Lazio, Italia;1,2;1,2
11;Giulia;Bellini;Giulia;giulia123;giuliabellini@gmail.com;1,3;2013-12-04;"Hi! My name is Giulia, I am 27 and I am from Rome, Italy.
I have studied languages at University Sapienza in Roma.
Thanks to my studies I speak french and english fluently, and I have had the opportunity to spend a period of time in Grenoble, south of France, working on my thesis.

I am very radiant person, and I always do my best to respect everyone I know.
I love travelling, diving, cooking, and I am a pilates-addicted!

Looking forward to host you in my lovely place!
";https://a0.muscache.com/im/users/11/profile_pic/1388600760/original.jpg;Trevi;Roma, Lazio, Italia;1,2;1,2
12;Lucia;Palombi;Lucia;lucia123;luciapalombi@gmail.com;1,3;2017-02-17;Ciao sono  Lucia, amo viaggiare, leggere e conoscere nuove persone. Sono una mamma host. Adoro accogliere gli ospiti nel mio magico appartamento e rendere i loro giorni  indimenticabili.;https://a0.muscache.com/im/pictures/user/a17c835e-3015-4c00-88c9-8357a9df7d48.jpg;Trevi;Roma, Lazio, Italia;1,2;1,2
13;Emanuela;Esposito;Emanuela;emanuela123;emanuelaesposito@gmail.com;1,3;2014-10-15;I love spending  my time with my son Martino and meeting my guests from all over the world. I love to make you feel at home!;https://a0.muscache.com/im/pictures/user/88c035e2-c0fb-446b-8a3b-ec97ddeb7818.jpg;Esquilino;Roma, Lazio, Italia;1,2;1,2
14;Roberto;Molinari;Roberto;roberto123;robertomolinari@gmail.com;1,3,4;2017-03-21;;https://a0.muscache.com/im/pictures/user/d8f99515-aedc-42ee-91c1-c0f67133589f.jpg;Esquilino;Roma, Lazio, Italia;1,2;1,2,5
15;Gian Marco;Campi;Gian;gian123;gianmarcocampi@gmail.com;1,3;2017-03-28;"we love traveling in the world,
and we try to make our homes as comfortable as possible to give unforgettable moments.
we treat our guests as friends and we like to know and interact with travelers :-)";https://a0.muscache.com/im/pictures/user/ab12f5e9-ec67-4fb5-9ec7-fd80db414572.jpg;Monti;Roma, Lazio, Italia;1;1,2
16;Franco;Maremma;Franco;franco123;francomaremma@gmail.com;1,3;2012-08-15;Franco and Simone from Italy;https://a0.muscache.com/im/pictures/user/aa19ca6c-7ba4-4978-a0f1-bb2a46ccaea7.jpg;Centocelle;Roma, Lazio, Italia;1,2;1,2
17;Rossella;Bontempi;Rossella;rossella123;rossellabontempi@gmail.com;1,3;2013-12-28;affitto camere;https://a0.muscache.com/im/users/17/profile_pic/1388268237/original.jpg;Monti;Roma, Lazio, Italia;1,2;1,2
18;Vita;Milano;Vita;vita123;vitamilano@gmail.com;1,3;2018-03-19;"I am a cultural manager, docufilm director & producer and a woman who is enthusiastic about life. I deeply love the world of Art and I dedicate myself for many years to have a dialogue and collaboration between Culture and Business. 
In this period I am following a project that I am very passionate about the CHORUS OF THE SISTINE CHAPEL, the oldest choir in the world, celestial music that blends with the extraordinary beauty and manignificence of the Sistine Chapel frescoed by the greatest Renaissance artist, Michelangelo.  

I am Board Member of the ""Opera Theater of Rome"", the historical cultural institution that promotes lyric and dance in the eternal city and I have edited several interdisciplinary artistic festivals of Music, Dance, Visual Arts, Literature, Poetry in the most beautiful Italian cities, Rome, Florence, Venice, Bologna, Ravello (Amalfi Coast). 

I believe ""Beauty will save the world"" and that's why I decided to share with the world an experience of an exciting beauty, live in Rome in the only historical private palace that overlooks the Roman Forum, the archaeological area where you can admire the ancient Imperial Rome in its magnificence directly from the window of your bedroom: the Forum of Trajan, Caesar, Augustus up to the Colosseum. 

I am passionate about DESIGN and I enjoy furnishing my houses to make them welcoming and special for my guests. I love traveling, discovering the world and the people I meet every day. 
I love cooking but also always discover new restaurants where you can eat well in cozy places. 

With me this magnificent city in all its cultural and enogastronomic aspects will have no secrets for you!";https://a0.muscache.com/im/pictures/user/b009fea7-6039-4b27-b499-a5b9c4be9ba0.jpg;Monti;Roma, Lazio, Italia;1,2,3;1,2
19;Marisa;Saveri;Marisa;marisa123;marisasaveri@gmail.com;1,3,4;2014-02-15;"solare e accogliente 
";https://a0.muscache.com/im/users/19/profile_pic/1392485231/original.jpg;Monti;Roma, Lazio, Italia;1,2;1,2
20;Mirca;Palestro;Mirca;mirca123;mircapalestro@gmail.com;1,3;2018-06-30;;https://a0.muscache.com/im/pictures/user/d0bf5d87-b799-4b7f-925a-09db5ec75e43.jpg;;Roma, Lazio, Italia;1,2;1,2
21;Giuseppe;Mirizzo;Giuseppe;giuseppe123;giuseppemirizzo@gmail.com;1,3;2018-07-26;;https://a0.muscache.com/im/pictures/user/87f1db28-95e6-42fa-9c74-45736067893a.jpg;Monte Verde;La Massimina-Casal Lumbroso, Lazio, Italy;1,2;1,2
22;Bianca;Gerardi;Bianca;bianca123;biancagerardi@gmail.com;1,3;2015-05-04;"Siamo una giovane famiglia: Bianca, Gian Marco e il piccolo Leonardo, Jackie the Jack Russell, Bibi the Cat e Big Fish.
Amiamo viaggiare e la nostra città, per questo abbiamo deciso di unire queste passioni e crearci un business.
";https://a0.muscache.com/im/pictures/user/f000c991-720e-4671-a382-33e8fd26015c.jpg;Monti;Roma, Lazio, Italia;1,2;1,2
23;Raphael;Jackson;Raphael;raphael123;raphaeljackson@gmail.com;1,3;2013-08-12;;https://a0.muscache.com/im/pictures/user/6f7122a9-d5dc-46c5-bb9b-82d457be39b3.jpg;;Roma, Lazio, Italia;1,2;1,2,14
24;Manuel;Tiziano;Manuel;manuel123;manueltiziano@gmail.com;1,3;2018-11-25;disponibile  e solare sempre attento alle  richieste dei miei ospiti per offrire un soggiorno sempre migliore;https://a0.muscache.com/im/pictures/user/28f6d69b-5ed1-4e1a-8336-3e806df3f03d.jpg;Monti;Roma, Lazio, Italia;1,2;1,2
25;Federica Maria;Cioccoloni;Federica2;federica123;federicamariacioccoloni@gmail.com;1,3;2015-04-15;;https://a0.muscache.com/im/pictures/user/6751227b-82ae-4224-8090-588e011d9ebf.jpg;Aurelio;Roma, Lazio, Italia;1,2;1,2
26;Chiara;Piresti;Chiara;chiara123;chiarapiresti@gmail.com;1,3,4;2018-12-18;;https://a0.muscache.com/im/pictures/user/ed85b32c-871d-40ef-98a4-e04a8e0f18fb.jpg;Castro Pretorio;Roma, Lazio, Italia;1,2;1,2
27;Stefania;Pontile;Stefania;stefania123;stefaniapontile@gmail.com;1,3;2015-11-16;;https://a0.muscache.com/im/pictures/user/f1cfed4a-6cde-477e-8aa0-8ba503d4c3c8.jpg;;Roma, Lazio, Italia;1,2;1,2
28;Letizia;Ferrato;Letizia;letizia123;letiziaferrato@gmail.com;1,3;2019-01-29;"Villa Letizia non è un classico albergo di Roma. E' infatti  una casa per ferie - struttura recettiva extra-alberghiera gestita dalle Suore catechiste di Sant'Anna che offrono il calore e la cortesia tipico dell'ordine. 

Villa Letizia non è una struttura ricettiva di tipo alberghiero e non è aperta al pubblico indiscriminato, essendo una struttura dedicata all'ospitalità a carattere sociale e religioso rivolta all'accoglienza di pellegrini, famiglie, appartenenti a comunità religiose e gruppi associativi, come indicato nel Regolamento interno.";https://a0.muscache.com/im/pictures/user/3abc1a74-b557-44d0-93f8-903d6c9b3334.jpg;Aurelio;Roma, Lazio, Italia;1,2,3;1,2
29;Sergio;Insenna;Sergio;sergio123;sergioinsenna@gmail.com;1,3;2014-06-24;"Galileo Galilei era un fisico.
Damiano Damiani era un regista.
Sergio Sergi sono io.";https://a0.muscache.com/im/pictures/user/114dc3c3-1f7f-4e80-a842-4a8f83aba002.jpg;Testaccio;Roma, Lazio, Italia;1,2;1,2
30;Orsetta;Immo;Orsetta;orsetta123;orsettaimmo@gmail.com;1,3;2015-09-13;;https://a0.muscache.com/im/pictures/user/ded26e08-ba49-4246-b348-dbe87ef4c35f.jpg;Monti;Roma, Lazio, Italia;1,2;1,2
31;Emanuela;Cossu;Emanuela2;emanuela123;emanuelacossu@gmail.com;1,3,4;2015-02-22;;https://a0.muscache.com/im/users/31/profile_pic/1424622892/original.jpg;Monti;Roma, Lazio, Italia;1,2;1,2
32;Daniele;Pegni;Daniele;daniele123;danielepegni@gmail.com;1,3;2019-06-28;Ospitare è sempre stato una passione per me.. Consigliare, seguire e indirizzare i miei ospiti mi trasmette un senso di soddisfazione unico. Sarà un vero piacere accompagnarvi alla scoperta di una delle città più belle del mondo.. ;https://a0.muscache.com/im/pictures/user/9d5a9f6c-6b99-4bb5-ab57-e68e77fd7001.jpg;Aurelio;Roma, Lazio, Italia;1,2;1,2
33;Biancamaria;Bonucci;Biancamaria;Biancamaria123;biancamariabonucci@gmail.com;;;;;;;;
34;Elena;Santilli;Elena;Elena123;elenasantilli@gmail.com;;;;;;;;
35;Kayley;Smith;Kayley;Kayley123;kayleysmith@gmail.com;;;;;;;;
36;Adrian;Rossi;Adrian;Adrian123;adrianrossi@gmail.com;;;;;;;;
37;Laura;Grano;Laura;Laura123;lauragrano@gmail.com;;;;;;;;
38;Shannon;Liz;Shannon;Shannon123;shannonliz@gmail.com;;;;;;;;
39;Bishr;Key;Bishr;Bishr123;bishrkey@gmail.com;;;;;;;;
40;Fanny;Mudley;Fanny;Fanny123;fannymudley@gmail.com;;;;;;;;
41;Florence;Pendel;Florence;Florence123;florencependel@gmail.com;;;;;;;;
42;Mafalda;Adams;Mafalda;Mafalda123;mafaldaadams@gmail.com;;;;;;;;
43;Michel;Niverre;Michel;Michel123;michelniverre@gmail.com;;;;;;;;
44;David;Reyk;David;David123;davidreyk@gmail.com;;;;;;;;
45;Ernét;Lau;Ernét;Ernét123;ernétlau@gmail.com;;;;;;;;
46;Emma;Verdi;Emma;Emma123;emmaverdi@gmail.com;;;;;;;;
47;Magalie;Jackson;Magalie;Magalie123;magaliejackson@gmail.com;;;;;;;;
48;Agneis;Stevenson;Agneis;Agneis123;agneisstevenson@gmail.com;;;;;;;;
49;Cesare;Cremonini;Cesare;Cesare123;cesarecremonini@gmail.com;;;;;;;;
50;Marshall;Red;Marshall;Marshall123;marshallred@gmail.com;;;;;;;;
51;Sanja;Klaus;Sanja;Sanja123;sanjaklaus@gmail.com;;;;;;;;
52;Rachele;Poldri;Rachele;Rachele123;rachelepoldri@gmail.com;;;;;;;;
53;Federico;Chievo;Federico;Federico123;federicochievo@gmail.com;;;;;;;;
54;Stamatis;Rastat;Stamatis;Stamatis123;stamatisrastat@gmail.com;;;;;;;;
55;Richard;Benson;Richard;Richard123;richardbenson@gmail.com;;;;;;;;
56;Mauro;Castroni;Mauro;Mauro123;maurocastroni@gmail.com;;;;;;;;
57;Antoinette;Francoise;Antoinette;Antoinette123;antoinettefrancoise@gmail.com;;;;;;;;
58;Kelley;Smith;biancamariabonucci;Kelley123;kelleysmith@gmail.com;;;;;;;;
59;Paola;Turci;elenasantilli;Paola123;paolaturci@gmail.com;;;;;;;;
60;Tony;Dalla;kayleysmith;Tony123;tonydalla@gmail.com;;;;;;;;
61;Talia;Ronda;adrianrossi;Talia123;taliaronda@gmail.com;;;;;;;;
62;Andy;Veldt;lauragrano;Andy123;andyveldt@gmail.com;;;;;;;;
63;Sara;Ponzi;shannonliz;Sara123;saraponzi@gmail.com;;;;;;;;
64;Annick;Maus;bishrkey;Annick123;annickmaus@gmail.com;;;;;;;;
65;Christopher;Lambert;fannymudley;Christopher123;christopherlambert@gmail.com;;;;;;;;
66;Marcel;Senna;florencependel;Marcel123;marcelsenna@gmail.com;;;;;;;;
67;?????????;Tolstoj;mafaldaadams;?????????123;?????????tolstoj@gmail.com;;;;;;;;
68;Greg;Checov;michelniverre;Greg123;gregchecov@gmail.com;;;;;;;;
69;Marie;Lamerie;davidreyk;Marie123;marielamerie@gmail.com;;;;;;;;
70;Bethany;Faith;ernétlau;Bethany123;bethanyfaith@gmail.com;;;;;;;;
71;Mildred;Gretel;emmaverdi;Mildred123;mildredgretel@gmail.com;;;;;;;;
72;Martina;Belmonte;magaliejackson;Martina123;martinabelmonte@gmail.com;;;;;;;;
73;Poll;Rass;agneisstevenson;Poll123;pollrass@gmail.com;;;;;;;;
74;Rathi;Kilt;cesarecremonini;Rathi123;rathikilt@gmail.com;;;;;;;;
75;Rochelle;Delacourt;marshallred;Rochelle123;rochelledelacourt@gmail.com;;;;;;;;
76;Maxime;Gaspasse;sanjaklaus;Maxime123;maximegaspasse@gmail.com;;;;;;;;
77;Madelyn;Lindt;rachelepoldri;Madelyn123;madelynlindt@gmail.com;;;;;;;;
78;Yvanna;Toldr;federicochievo;Yvanna123;yvannatoldr@gmail.com;;;;;;;;
79;Alisa;Petrelli;stamatisrastat;Alisa123;alisapetrelli@gmail.com;;;;;;;;
80;Céline;Dion;richardbenson;Céline123;célinedion@gmail.com;;;;;;;;
81;Rémi;Dastenne;maurocastroni;Rémi123;rémidastenne@gmail.com;;;;;;;;
82;Dominique;Cristoph;antoinettefrancoise;Dominique123;dominiquecristoph@gmail.com;;;;;;;;
83;Jayne;Rakim;kelleysmith;Jayne123;jaynerakim@gmail.com;;;;;;;;
84;Ivy;Rock;paolaturci;Ivy123;ivyrock@gmail.com;;;;;;;;
85;Kylie;Brown;tonydalla;Kylie123;kyliebrown@gmail.com;;;;;;;;
86;Mary;Sue;taliaronda;Mary123;marysue@gmail.com;;;;;;;;
87;Alberto;Baggio;andyveldt;Alberto123;albertobaggio@gmail.com;;;;;;;;
88;Vladimir;Lux;saraponzi;Vladimir123;vladimirlux@gmail.com;;;;;;;;
89;Ale;Pietrini;annickmaus;Ale123;alepietrini@gmail.com;;;;;;;;
90;Robyn;Williams;christopherlambert;Robyn123;robynwilliams@gmail.com;;;;;;;;
91;Chelsea;Jester;marcelsenna;Chelsea123;chelseajester@gmail.com;;;;;;;;
92;Lauren;Blacks;?????????tolstoj;Lauren123;laurenblacks@gmail.com;;;;;;;;
93;Cris;Thyne;gregchecov;Cris123;cristhyne@gmail.com;;;;;;;;
94;Aaron;Senna;marielamerie;Aaron123;aaronsenna@gmail.com;;;;;;;;
95;Mathilde;Mirabella;bethanyfaith;Mathilde123;mathildemirabella@gmail.com;;;;;;;;
96;Damodara;Johnson;mildredgretel;Damodara123;damodarajohnson@gmail.com;;;;;;;;
97;Isabel;Bali;martinabelmonte;Isabel123;isabelbali@gmail.com;;;;;;;;
98;Matt;Le Blanc;pollrass;Matt123;mattleblanc@gmail.com;;;;;;;;
99;Tristan;Carlos;rathikilt;Tristan123;tristancarlos@gmail.com;;;;;;;;
100;Natale;Celeste;rochelledelacourt;Natale123;nataleceleste@gmail.com;;;;;;;;
101;Katia;Ricci;maximegaspasse;Katia123;katiaricci@gmail.com;;;;;;;;
102;Paul;Newman;madelynlindt;Paul123;paulnewman@gmail.com;;;;;;;;
103;Jenny;Garden;yvannatoldr;Jenny123;jennygarden@gmail.com;;;;;;;;
104;Macie;Williams;alisapetrelli;Macie123;maciewilliams@gmail.com;;;;;;;;
105;Massimo;D'Angelo;célinedion;Massimo123;massimod'angelo@gmail.com;;;;;;;;
106;Olivia;Laurito;rémidastenne;Olivia123;olivialaurito@gmail.com;;;;;;;;
107;Liza;Minetti;dominiquecristoph;Liza123;lizaminetti@gmail.com;;;;;;;;
108;Ludovic;Fellin;jaynerakim;Ludovic123;ludovicfellin@gmail.com;;;;;;;;
109;Claudia;Chiffer;ivyrock;Claudia123;claudiachiffer@gmail.com;;;;;;;;
110;Michael;Santos;kyliebrown;Michael123;michaelsantos@gmail.com;;;;;;;;
111;Jessa;Grey;marysue;Jessa123;jessagrey@gmail.com;;;;;;;;
112;Heidi;Hugs;albertobaggio;Heidi123;heidihugs@gmail.com;;;;;;;;
113;Elizabeth;McGregor;vladimirlux;Elizabeth123;elizabethmcgregor@gmail.com;;;;;;;;
114;Blagovesta;Dennis;alepietrini;Blagovesta123;blagovestadennis@gmail.com;;;;;;;;
115;Richard;Gere;robynwilliams;Richard123;richardgere@gmail.com;;;;;;;;
116;Christine;Frau;chelseajester;Christine123;christinefrau@gmail.com;;;;;;;;
117;Philippe;Derniere;laurenblacks;Philippe123;philippederniere@gmail.com;;;;;;;;
118;Ryan;Klaus;cristhyne;Ryan123;ryanklaus@gmail.com;;;;;;;;
119;Allison;Sterling;aaronsenna;Allison123;allisonsterling@gmail.com;;;;;;;;
120;Sonja;Dotrova;mathildemirabella;Sonja123;sonjadotrova@gmail.com;;;;;;;;
121;Priscilla;Turan;damodarajohnson;Priscilla123;priscillaturan@gmail.com;;;;;;;;
122;Kaitlin;Stark;isabelbali;Kaitlin123;kaitlinstark@gmail.com;;;;;;;;
123;Harvey;Kinkle;mattleblanc;Harvey123;harveykinkle@gmail.com;;;;;;;;
124;Sofia;Leggera;tristancarlos;Sofia123;sofialeggera@gmail.com;;;;;;;;
125;Ronald;McDonald;nataleceleste;Ronald123;ronaldmcdonald@gmail.com;;;;;;;;
126;Robert;Jackson;katiaricci;Robert123;robertjackson@gmail.com;;;;;;;;
127;Stefano;Marzi;paulnewman;Stefano123;stefanomarzi@gmail.com;;;;;;;;
128;Raman;Tsin;jennygarden;Raman123;ramantsin@gmail.com;;;;;;;;
129;Mads;Goi;maciewilliams;Mads123;madsgoi@gmail.com;;;;;;;;
130;Staci;Pratt;massimod'angelo;Staci123;stacipratt@gmail.com;;;;;;;;
131;Alina;Mitchell;olivialaurito;Alina123;alinamitchell@gmail.com;;;;;;;;
132;Yvonne;Guess;lizaminetti;Yvonne123;yvonneguess@gmail.com;;;;;;;;
133;Ahmed;Jafar;ludovicfellin;Ahmed123;ahmedjafar@gmail.com;;;;;;;;
134;John;Magnific;claudiachiffer;John123;johnmagnific@gmail.com;;;;;;;;
135;Daniela;Ubaldi;michaelsantos;Daniela123;danielaubaldi@gmail.com;;;;;;;;
136;Giovanni;Crocenzi;jessagrey;Giovanni123;giovannicrocenzi@gmail.com;;;;;;;;
137;Silvio;Minelli;heidihugs;Silvio123;silviominelli@gmail.com;;;;;;;;
138;Lucille;Dalois;elizabethmcgregor;Lucille123;lucilledalois@gmail.com;;;;;;;;
139;Sophie;Verette;blagovestadennis;Sophie123;sophieverette@gmail.com;;;;;;;;
140;Sofian;Zinerre;richardgere;Sofian123;sofianzinerre@gmail.com;;;;;;;;
141;Ernesto;Carretti;christinefrau;Ernesto123;ernestocarretti@gmail.com;;;;;;;;
142;Iris;Profazi;philippederniere;Iris123;irisprofazi@gmail.com;;;;;;;;
143;??;Kei;ryanklaus;??123;??kei@gmail.com;;;;;;;;
144;Susanna;Zema;allisonsterling;Susanna123;susannazema@gmail.com;;;;;;;;
145;Francesco;Mei;sonjadotrova;Francesco123;francescomei@gmail.com;;;;;;;;
146;Elia;D'Amico;priscillaturan;Elia123;eliad'amico@gmail.com;;;;;;;;
147;Flami;Gray;kaitlinstark;Flami123;flamigray@gmail.com;;;;;;;;
148;Marco;Faretti;harveykinkle;Marco123;marcofaretti@gmail.com;;;;;;;;
149;Alessia;Pontili;sofialeggera;Alessia123;alessiapontili@gmail.com;;;;;;;;
150;Francesco;Romiti;ronaldmcdonald;Francesco123;francescoromiti@gmail.com;;;;;;;;
151;Elizaveta;Gaudina;robertjackson;Elizaveta123;elizavetagaudina@gmail.com;;;;;;;;
152;Angelo;Brevi;stefanomarzi;Angelo123;angelobrevi@gmail.com;;;;;;;;
153;Gianluca;Branduardi;ramantsin;Gianluca123;gianlucabranduardi@gmail.com;;;;;;;;
154;Yasmin;Giselle;madsgoi;Yasmin123;yasmingiselle@gmail.com;;;;;;;;
155;Gilardi;Evo;stacipratt;Gilardi123;gilardievo@gmail.com;;;;;;;;
156;Ezio;Morelli;alinamitchell;Ezio123;eziomorelli@gmail.com;;;;;;;;
157;Melissa;Strenna;yvonneguess;Melissa123;melissastrenna@gmail.com;;;;;;;;
158;Marianna;Gaudenzi;ahmedjafar;Marianna123;mariannagaudenzi@gmail.com;;;;;;;;
159;Alessandro;Neri;johnmagnific;Alessandro123;alessandroneri@gmail.com;;;;;;;;
160;Myriam;Huss;danielaubaldi;Myriam123;myriamhuss@gmail.com;;;;;;;;
161;Kari Joy;Ethienne;giovannicrocenzi;KariJoy123;karijoyethienne@gmail.com;;;;;;;;
162;Gregory;Philos;silviominelli;Gregory123;gregoryphilos@gmail.com;;;;;;;;
163;Anat;Elie;lucilledalois;Anat123;anatelie@gmail.com;;;;;;;;
164;Monica;Palanca;sophieverette;Monica123;monicapalanca@gmail.com;;;;;;;;
165;Sally;Jackson;sofianzinerre;Sally123;sallyjackson@gmail.com;;;;;;;;
166;Emily;Potter;ernestocarretti;Emily123;emilypotter@gmail.com;;;;;;;;
167;Mickey;Raus;irisprofazi;Mickey123;mickeyraus@gmail.com;;;;;;;;
168;Antonio;Grandi;??kei;Antonio123;antoniograndi@gmail.com;;;;;;;;
169;Kerry;Elles;susannazema;Kerry123;kerryelles@gmail.com;;;;;;;;
170;Gabriel;Costarica;francescomei;Gabriel123;gabrielcostarica@gmail.com;;;;;;;;
171;Jessica;Phillips;eliad'amico;Jessica123;jessicaphillips@gmail.com;;;;;;;;
172;Edgar;Allan;flamigray;Edgar123;edgarallan@gmail.com;;;;;;;;
173;Joyce;Tie;marcofaretti;Joyce123;joycetie@gmail.com;;;;;;;;
174;Johnny;Stecchino;alessiapontili;Johnny123;johnnystecchino@gmail.com;;;;;;;;
175;Raquel;Quito;francescoromiti;Raquel123;raquelquito@gmail.com;;;;;;;;
176;Ty;McGregor;elizavetagaudina;Ty123;tymcgregor@gmail.com;;;;;;;;
177;Eyal;Krum;angelobrevi;Eyal123;eyalkrum@gmail.com;;;;;;;;
178;Nolan;Over;gianlucabranduardi;Nolan123;nolanover@gmail.com;;;;;;;;
179;Erica;Plot;yasmingiselle;Erica123;ericaplot@gmail.com;;;;;;;;
180;Nicolas;Floss;gilardievo;Nicolas123;nicolasfloss@gmail.com;;;;;;;;
181;Ankita;Marzi;eziomorelli;Ankita123;ankitamarzi@gmail.com;;;;;;;;
182;Brittani;Spears;melissastrenna;Brittani123;brittanispears@gmail.com;;;;;;;;
183;Natalie;Kidman;mariannagaudenzi;Natalie123;nataliekidman@gmail.com;;;;;;;;
184;Lindsay;O Neil;alessandroneri;Lindsay123;lindsayoneil@gmail.com;;;;;;;;
185;Sarah;Russo;myriamhuss;Sarah123;sarahrusso@gmail.com;;;;;;;;
186;Meghan;Markle;karijoyethienne;Meghan123;meghanmarkle@gmail.com;;;;;;;;
187;Irene;Finizi;gregoryphilos;Irene123;irenefinizi@gmail.com;;;;;;;;
188;Vanessa;Serelli;anatelie;Vanessa123;vanessaserelli@gmail.com;;;;;;;;
189;Dan;Tyne;monicapalanca;Dan123;dantyne@gmail.com;;;;;;;;
190;Vladimir;Chekov;sallyjackson;Vladimir123;vladimirchekov@gmail.com;;;;;;;;
191;Michael;Newman;emilypotter;Michael123;michaelnewman@gmail.com;;;;;;;;
192;Rick;Rais;mickeyraus;Rick123;rickrais@gmail.com;;;;;;;;
193;Brian;Nichelson;antoniograndi;Brian123;briannichelson@gmail.com;;;;;;;;
194;Stephanie;Jills;kerryelles;Stephanie123;stephaniejills@gmail.com;;;;;;;;
195;Malena;Ortega;gabrielcostarica;Malena123;malenaortega@gmail.com;;;;;;;;
196;Thomas;Cruz;jessicaphillips;Thomas123;thomascruz@gmail.com;;;;;;;;
197;Justin;Bieber;edgarallan;Justin123;justinbieber@gmail.com;;;;;;;;
198;Benedetta;Ferrero;joycetie;Benedetta123;benedettaferrero@gmail.com;;;;;;;;
199;Henry;Wilde;johnnystecchino;Henry123;henrywilde@gmail.com;;;;;;;;
200;Roberto;Benini;raquelquito;Roberto123;robertobenini@gmail.com;;;;;;;;
201;Samantha;Tardelli;tymcgregor;Samantha123;samanthatardelli@gmail.com;;;;;;;;
202;Ornella;Frassini;eyalkrum;Ornella123;ornellafrassini@gmail.com;;;;;;;;
203;Pietro;Renga;nolanover;Pietro123;pietrorenga@gmail.com;;;;;;;;
204;Chiara;Ferri;ericaplot;Chiara123;chiaraferri@gmail.com;;;;;;;;
205;Angele;Listat;nicolasfloss;Angele123;angelelistat@gmail.com;;;;;;;;
206;Giorgio;Pessena;ankitamarzi;Giorgio123;giorgiopessena@gmail.com;;;;;;;;
207;Maddalena;Orlandi;brittanispears;Maddalena123;maddalenaorlandi@gmail.com;;;;;;;;
208;Wade;Wilson;nataliekidman;Wade123;wadewilson@gmail.com;;;;;;;;
209;María;Adele;lindsayoneil;María123;maríaadele@gmail.com;;;;;;;;
210;Tom;Jones;sarahrusso;Tom123;tomjones@gmail.com;;;;;;;;
211;Elena;Ketrik;meghanmarkle;Elena123;elenaketrik@gmail.com;;;;;;;;
212;Monika;Lewinski;irenefinizi;Monika123;monikalewinski@gmail.com;;;;;;;;
213;Brittany;Chauf;vanessaserelli;Brittany123;brittanychauf@gmail.com;;;;;;;;
214;Josh;Kristen;dantyne;Josh123;joshkristen@gmail.com;;;;;;;;
215;Jinghe;Jones;vladimirchekov;Jinghe123;jinghejones@gmail.com;;;;;;;;
216;Dexter;Morgan;michaelnewman;Dexter123;dextermorgan@gmail.com;;;;;;;;
217;Chris;Benoit;rickrais;Chris123;chrisbenoit@gmail.com;;;;;;;;
218;Cindy;Crowford;briannichelson;Cindy123;cindycrowford@gmail.com;;;;;;;;
219;Erin;Oxford;stephaniejills;Erin123;erinoxford@gmail.com;;;;;;;;
220;Anne;Frennie;malenaortega;Anne123;annefrennie@gmail.com;;;;;;;;
221;Jaime;McNeil;thomascruz;Jaime123;jaimemcneil@gmail.com;;;;;;;;
222;Tabitha;Stitch;justinbieber;Tabitha123;tabithastitch@gmail.com;;;;;;;;
223;Elle;Grey;benedettaferrero;Elle123;ellegrey@gmail.com;;;;;;;;
224;Shelly;Smith;henrywilde;Shelly123;shellysmith@gmail.com;;;;;;;;
225;Gail;Tudor;robertobenini;Gail123;gailtudor@gmail.com;;;;;;;;
226;Bennett;Offenbach;samanthatardelli;Bennett123;bennettoffenbach@gmail.com;;;;;;;;
227;Christine;Tevelle;ornellafrassini;Christine123;christinetevelle@gmail.com;;;;;;;;
228;Adiba;Bradipa;pietrorenga;Adiba123;adibabradipa@gmail.com;;;;;;;;
229;Annabelle;Desten;chiaraferri;Annabelle123;annabelledesten@gmail.com;;;;;;;;
230;Florane;Patil;angelelistat;Florane123;floranepatil@gmail.com;;;;;;;;
231;Karla Verónica;Orlean;giorgiopessena;KarlaVerónica123;karlaverónicaorlean@gmail.com;;;;;;;;
232;Golda;Rox;maddalenaorlandi;Golda123;goldarox@gmail.com;;;;;;;;
233;Giuliana;Laurenzi;wadewilson;Giuliana123;giulianalaurenzi@gmail.com;;;;;;;;
234;Daphne;Amor;maríaadele;Daphne123;daphneamor@gmail.com;;;;;;;;
235;Tudor;De Vis;tomjones;Tudor123;tudordevis@gmail.com;;;;;;;;
236;Luca;Martelli;elenaketrik;Luca123;lucamartelli@gmail.com;;;;;;;;
237;Pierpaolo;Pasetti;monikalewinski;Pierpaolo123;pierpaolopasetti@gmail.com;;;;;;;;
238;Sarah;Torri;brittanychauf;Sarah123;sarahtorri@gmail.com;;;;;;;;
239;Pj;Wade;joshkristen;Pj123;pjwade@gmail.com;;;;;;;;
240;Cara;Lavigne;jinghejones;Cara123;caralavigne@gmail.com;;;;;;;;
241;Meira;Coretti;dextermorgan;Meira123;meiracoretti@gmail.com;;;;;;;;
242;Ishan;Zephyr;chrisbenoit;Ishan123;ishanzephyr@gmail.com;;;;;;;;
243;Christopher;Ron;cindycrowford;Christopher123;christopherron@gmail.com;;;;;;;;
244;Luca;Montezemolo;erinoxford;Luca123;lucamontezemolo@gmail.com;;;;;;;;
245;Pierluigi;Rinaldi;annefrennie;Pierluigi123;pierluigirinaldi@gmail.com;;;;;;;;
246;Clara;Vigni;jaimemcneil;Clara123;claravigni@gmail.com;;;;;;;;
247;Matteo;Legnuolo;tabithastitch;Matteo123;matteolegnuolo@gmail.com;;;;;;;;
248;Margherita;Valle;ellegrey;Margherita123;margheritavalle@gmail.com;;;;;;;;
249;Elita Tonia;Oresti;shellysmith;ElitaTonia123;elitatoniaoresti@gmail.com;;;;;;;;
250;Roberta;Morti;gailtudor;Roberta123;robertamorti@gmail.com;;;;;;;;
251;Atle;Faze;bennettoffenbach;Atle123;atlefaze@gmail.com;;;;;;;;
252;Miriana;Crocenzi;christinetevelle;Miriana123;mirianacrocenzi@gmail.com;;;;;;;;
253;Walid;Dené;adibabradipa;Walid123;waliddené@gmail.com;;;;;;;;
254;Emma;Watson;annabelledesten;Emma123;emmawatson@gmail.com;;;;;;;;
255;Larissa;Baci;floranepatil;Larissa123;larissabaci@gmail.com;;;;;;;;
256;Alexander;Grey;karlaverónicaorlean;Alexander123;alexandergrey@gmail.com;;;;;;;;
257;Bryan;Holmes;goldarox;Bryan123;bryanholmes@gmail.com;;;;;;;;
258;Frédéric;Paris;giulianalaurenzi;Frédéric123;frédéricparis@gmail.com;;;;;;;;
259;Marida;Nei;daphneamor;Marida123;maridanei@gmail.com;;;;;;;;
260;Daniel;Jirad;tudordevis;Daniel123;danieljirad@gmail.com;;;;;;;;
261;Niklas;Vez;lucamartelli;Niklas123;niklasvez@gmail.com;;;;;;;;
262;Keylon;Smith;pierpaolopasetti;Keylon123;keylonsmith@gmail.com;;;;;;;;
263;Greta;Garbo;sarahtorri;Greta123;gretagarbo@gmail.com;;;;;;;;
264;Pavel;Fernandez;pjwade;Pavel123;pavelfernandez@gmail.com;;;;;;;;
265;Tanner;Skin;caralavigne;Tanner123;tannerskin@gmail.com;;;;;;;;
266;Bolaji;Prokov;meiracoretti;Bolaji123;bolajiprokov@gmail.com;;;;;;;;
267;Alex;Trix;ishanzephyr;Alex123;alextrix@gmail.com;;;;;;;;
268;Mario;Rossi;christopherron;Mario123;mariorossi@gmail.com;;;;;;;;
269;Eugen;Smith;lucamontezemolo;Eugen123;eugensmith@gmail.com;;;;;;;;
270;Jamia;Klein;pierluigirinaldi;Jamia123;jamiaklein@gmail.com;;;;;;;;
271;Giorgia;Morante;claravigni;Giorgia123;giorgiamorante@gmail.com;;;;;;;;
272;Ann & Justin;Leiz;matteolegnuolo;Ann&Justin123;ann&justinleiz@gmail.com;;;;;;;;
273;James;Proust;margheritavalle;James123;jamesproust@gmail.com;;;;;;;;
274;Xavier;Rizzo;elitatoniaoresti;Xavier123;xavierrizzo@gmail.com;;;;;;;;
275;Allie;Rosa;robertamorti;Allie123;allierosa@gmail.com;;;;;;;;
276;Pat;Reinolds;atlefaze;Pat123;patreinolds@gmail.com;;;;;;;;
277;Natasha;Stefanenko;mirianacrocenzi;Natasha123;natashastefanenko@gmail.com;;;;;;;;
278;Aaron;Mouse;waliddené;Aaron123;aaronmouse@gmail.com;;;;;;;;
279;Rachel;Garfield;emmawatson;Rachel123;rachelgarfield@gmail.com;;;;;;;;
280;Maria;Ozawa;larissabaci;Maria123;mariaozawa@gmail.com;;;;;;;;
281;Jack;Cena;alexandergrey;Jack123;jackcena@gmail.com;;;;;;;;
282;Mara;Mayonki;bryanholmes;Mara123;maramayonki@gmail.com;;;;;;;;
283;Julia;Oslava;frédéricparis;Julia123;juliaoslava@gmail.com;;;;;;;;
284;Leila;Cotan;maridanei;Leila123;leilacotan@gmail.com;;;;;;;;
285;Francesco;Nicolosi;danieljirad;Francesco123;francesconicolosi@gmail.com;;;;;;;;
286;Dawson;Leerey;niklasvez;Dawson123;dawsonleerey@gmail.com;;;;;;;;
287;Noelia Guadalupe;De La Vega;keylonsmith;NoeliaGuadalupe123;noeliaguadalupedelavega@gmail.com;;;;;;;;
288;Francesca;Runco;gretagarbo;Francesca123;francescarunco@gmail.com;;;;;;;;
289;Clara;Alpi;pavelfernandez;Clara123;claraalpi@gmail.com;;;;;;;;
290;Paula;Rubio;tannerskin;Paula123;paularubio@gmail.com;;;;;;;;
291;Claudia;Lenko;bolajiprokov;Claudia123;claudialenko@gmail.com;;;;;;;;
292;Juan;Alvarez;alextrix;Juan123;juanalvarez@gmail.com;;;;;;;;
293;Maria;Benedetta;mariorossi;Maria123;mariabenedetta@gmail.com;;;;;;;;
294;Celia;Gresi;eugensmith;Celia123;celiagresi@gmail.com;;;;;;;;
295;Francois;Adelante;jamiaklein;Francois123;francoisadelante@gmail.com;;;;;;;;
296;Nicholas;De La Motte;giorgiamorante;Nicholas123;nicholasdelamotte@gmail.com;;;;;;;;
297;Amanda;Ulivi;ann&justinleiz;Amanda123;amandaulivi@gmail.com;;;;;;;;
298;Azmi;Nost;jamesproust;Azmi123;azminost@gmail.com;;;;;;;;
299;Patricia;Patrol;xavierrizzo;Patricia123;patriciapatrol@gmail.com;;;;;;;;
300;Bill;Link;allierosa;Bill123;billlink@gmail.com;;;;;;;;
301;Maria;Bolena;patreinolds;Maria123;mariabolena@gmail.com;;;;;;;;
302;Christian;Ricardo;natashastefanenko;Christian123;christianricardo@gmail.com;;;;;;;;
303;Patrice;Renet;aaronmouse;Patrice123;patricerenet@gmail.com;;;;;;;;
304;Kerstin;Tandem;rachelgarfield;Kerstin123;kerstintandem@gmail.com;;;;;;;;
305;Yadira;Grenet;mariaozawa;Yadira123;yadiragrenet@gmail.com;;;;;;;;
306;Ben;Ten;jackcena;Ben123;benten@gmail.com;;;;;;;;
307;Rebecca;Patrache;maramayonki;Rebecca123;rebeccapatrache@gmail.com;;;;;;;;
308;Rachel;Squimmer;juliaoslava;Rachel123;rachelsquimmer@gmail.com;;;;;;;;
309;Hernan;Faust;leilacotan;Hernan123;hernanfaust@gmail.com;;;;;;;;
310;Carla;Brunetti;francesconicolosi;Carla123;carlabrunetti@gmail.com;;;;;;;;
311;Nicole;Minetti;dawsonleerey;Nicole123;nicoleminetti@gmail.com;;;;;;;;
312;Jeffrey;Mann;noeliaguadalupedelavega;Jeffrey123;jeffreymann@gmail.com;;;;;;;;
313;Kristen;Corse;francescarunco;Kristen123;kristencorse@gmail.com;;;;;;;;
314;Barb;Jessen;claraalpi;Barb123;barbjessen@gmail.com;;;;;;;;
315;Jamie;Kirbell;paularubio;Jamie123;jamiekirbell@gmail.com;;;;;;;;
316;Elizabeth;Tutcher;claudialenko;Elizabeth123;elizabethtutcher@gmail.com;;;;;;;;
317;Charlotte;Derriere;juanalvarez;Charlotte123;charlottederriere@gmail.com;;;;;;;;
318;Kristy;Moretti;mariabenedetta;Kristy123;kristymoretti@gmail.com;;;;;;;;
319;Valeria;Gentili;celiagresi;Valeria123;valeriagentili@gmail.com;;;;;;;;
320;Sian;Veran;francoisadelante;Sian123;sianveran@gmail.com;;;;;;;;
321;Vernon;Setter;nicholasdelamotte;Vernon123;vernonsetter@gmail.com;;;;;;;;
322;Arturo;Meretti;amandaulivi;Arturo123;arturomeretti@gmail.com;;;;;;;;
323;Marco;Satiri;azminost;Marco123;marcosatiri@gmail.com;;;;;;;;
324;Martin;Scorzese;patriciapatrol;Martin123;martinscorzese@gmail.com;;;;;;;;
325;Gloria;Metil;billlink;Gloria123;gloriametil@gmail.com;;;;;;;;
326;Joseph;Aleandro;mariabolena;Joseph123;josephaleandro@gmail.com;;;;;;;;
327;Eva;Kent;christianricardo;Eva123;evakent@gmail.com;;;;;;;;
328;Gerda;Trix;patricerenet;Gerda123;gerdatrix@gmail.com;;;;;;;;
329;Iago Calone;Osento;kerstintandem;IagoCalone123;iagocaloneosento@gmail.com;;;;;;;;
330;Margarita;Onesti;yadiragrenet;Margarita123;margaritaonesti@gmail.com;;;;;;;;
331;Nicola;Abbate;benten;Nicola123;nicolaabbate@gmail.com;;;;;;;;
332;Augusto;Pensiero;rebeccapatrache;Augusto123;augustopensiero@gmail.com;;;;;;;;
333;Caterina;Terenzio;rachelsquimmer;Caterina123;caterinaterenzio@gmail.com;;;;;;;;
334;Davide;Curione;hernanfaust;Davide123;davidecurione@gmail.com;;;;;;;;
335;Alessandro;Merletti;carlabrunetti;Alessandro123;alessandromerletti@gmail.com;;;;;;;;
336;Antonio;Cartoni;nicoleminetti;Antonio123;antoniocartoni@gmail.com;;;;;;;;
337;Anastassija;Rasputin;jeffreymann;Anastassija123;anastassijarasputin@gmail.com;;;;;;;;
338;Julie;Jolie;kristencorse;Julie123;juliejolie@gmail.com;;;;;;;;
339;Alicia;Fernandez;barbjessen;Alicia123;aliciafernandez@gmail.com;;;;;;;;
340;Scott;Watts;jamiekirbell;Scott123;scottwatts@gmail.com;;;;;;;;
341;Natalia;Slavic;elizabethtutcher;Natalia123;nataliaslavic@gmail.com;;;;;;;;
342;Christine;Monique;charlottederriere;Christine123;christinemonique@gmail.com;;;;;;;;
343;Charlinda;Frau;kristymoretti;Charlinda123;charlindafrau@gmail.com;;;;;;;;
344;Jeff;Linley;valeriagentili;Jeff123;jefflinley@gmail.com;;;;;;;;
345;Michael;Jordan;sianveran;Michael123;michaeljordan@gmail.com;;;;;;;;
346;Amy;Rant;vernonsetter;Amy123;amyrant@gmail.com;;;;;;;;
347;Lisa;Ferri;arturomeretti;Lisa123;lisaferri@gmail.com;;;;;;;;
348;Anna;Muschio;marcosatiri;Anna123;annamuschio@gmail.com;;;;;;;;
349;Adam;Leerey;martinscorzese;Adam123;adamleerey@gmail.com;;;;;;;;
350;John;Fitzgerald;gloriametil;John123;johnfitzgerald@gmail.com;;;;;;;;
351;Katie;Home;josephaleandro;Katie123;katiehome@gmail.com;;;;;;;;
352;C. James;Lee;evakent;CJames123;cjameslee@gmail.com;;;;;;;;
353;Alex;Cagnetta;gerdatrix;Alex123;alexcagnetta@gmail.com;;;;;;;;
354;Rosy;Bindi;iagocaloneosento;Rosy123;rosybindi@gmail.com;;;;;;;;
355;Magaly;Ritz;margaritaonesti;Magaly123;magalyritz@gmail.com;;;;;;;;
356;Robert;Vagner;nicolaabbate;Robert123;robertvagner@gmail.com;;;;;;;;
357;Giovanni;Esigui;augustopensiero;Giovanni123;giovanniesigui@gmail.com;;;;;;;;
358;Victoria;Bombs;caterinaterenzio;Victoria123;victoriabombs@gmail.com;;;;;;;;
359;Daniele Giacomo;Leoni;davidecurione;DanieleGiacomo123;danielegiacomoleoni@gmail.com;;;;;;;;
360;Dev Veer;Lambert;alessandromerletti;DevVeer123;devveerlambert@gmail.com;;;;;;;;
361;Annette;Greece;antoniocartoni;Annette123;annettegreece@gmail.com;;;;;;;;
362;Ian;Pratt;anastassijarasputin;Ian123;ianpratt@gmail.com;;;;;;;;
363;Kim;Valle;juliejolie;Kim123;kimvalle@gmail.com;;;;;;;;
364;Nicholas;Ortis;aliciafernandez;Nicholas123;nicholasortis@gmail.com;;;;;;;;
365;Jodie;Mouse;scottwatts;Jodie123;jodiemouse@gmail.com;;;;;;;;
366;Karen;Stout;nataliaslavic;Karen123;karenstout@gmail.com;;;;;;;;
367;Kevin;McAllister;christinemonique;Kevin123;kevinmcallister@gmail.com;;;;;;;;
368;Maksim;Potiette;charlindafrau;Maksim123;maksimpotiette@gmail.com;;;;;;;;
369;Nathalie;Portman;jefflinley;Nathalie123;nathalieportman@gmail.com;;;;;;;;
370;Gillian;Nest;michaeljordan;Gillian123;gilliannest@gmail.com;;;;;;;;
371;Viktorija;Mihajlovic;amyrant;Viktorija123;viktorijamihajlovic@gmail.com;;;;;;;;
372;Hannah;Becker;lisaferri;Hannah123;hannahbecker@gmail.com;;;;;;;;
373;Daniel;Trains;annamuschio;Daniel123;danieltrains@gmail.com;;;;;;;;
374;Anna;Humes;adamleerey;Anna123;annahumes@gmail.com;;;;;;;;
375;Constantinos;Belindo;johnfitzgerald;Constantinos123;constantinosbelindo@gmail.com;;;;;;;;
376;Gerardo;Notaro;katiehome;Gerardo123;gerardonotaro@gmail.com;;;;;;;;
377;Janit;Celeb;cjameslee;Janit123;janitceleb@gmail.com;;;;;;;;
378;Carlos Benjamín;Kurt;alexcagnetta;CarlosBenjamín123;carlosbenjamínkurt@gmail.com;;;;;;;;
379;Fatih;Rafie;rosybindi;Fatih123;fatihrafie@gmail.com;;;;;;;;
380;Jennifer;Lopez;magalyritz;Jennifer123;jenniferlopez@gmail.com;;;;;;;;
381;Omar;Blanco;robertvagner;Omar123;omarblanco@gmail.com;;;;;;;;
382;Mario;Rondini;giovanniesigui;Mario123;mariorondini@gmail.com;;;;;;;;
383;Martina;Amici;victoriabombs;Martina123;martinaamici@gmail.com;;;;;;;;
384;Monica;Bellucci;danielegiacomoleoni;Monica123;monicabellucci@gmail.com;;;;;;;;
385;Michelle;Obama;devveerlambert;Michelle123;michelleobama@gmail.com;;;;;;;;
386;Alex;Del Piero;annettegreece;Alex123;alexdelpiero@gmail.com;;;;;;;;
387;Eram;Gotez;ianpratt;Eram123;eramgotez@gmail.com;;;;;;;;
388;Andrea;Crocetti;kimvalle;Andrea123;andreacrocetti@gmail.com;;;;;;;;
389;Artur;Excalibur;nicholasortis;Artur123;arturexcalibur@gmail.com;;;;;;;;
390;Timothy;Wilson;jodiemouse;Timothy123;timothywilson@gmail.com;;;;;;;;
391;Jaime;Lannister;karenstout;Jaime123;jaimelannister@gmail.com;;;;;;;;
392;Smaldone;Finizi;kevinmcallister;Smaldone123;smaldonefinizi@gmail.com;;;;;;;;
393;Ereatara;Klimm;maksimpotiette;Ereatara123;ereataraklimm@gmail.com;;;;;;;;
394;József;Rocot;nathalieportman;József123;józsefrocot@gmail.com;;;;;;;;
395;Jose Antonio;Pascal;gilliannest;JoseAntonio123;joseantoniopascal@gmail.com;;;;;;;;
396;Maeva;Pliz;viktorijamihajlovic;Maeva123;maevapliz@gmail.com;;;;;;;;
397;Benjamin;Button;hannahbecker;Benjamin123;benjaminbutton@gmail.com;;;;;;;;
398;Lavinia;Cresi;danieltrains;Lavinia123;laviniacresi@gmail.com;;;;;;;;
399;Riccardo;Natali;annahumes;Riccardo123;riccardonatali@gmail.com;;;;;;;;
400;Sean;Connery;constantinosbelindo;Sean123;seanconnery@gmail.com;;;;;;;;
401;Eric;De Vito;gerardonotaro;Eric123;ericdevito@gmail.com;;;;;;;;
402;Javier;Bernelli;janitceleb;Javier123;javierbernelli@gmail.com;;;;;;;;
403;Vladimir;Putin;carlosbenjamínkurt;Vladimir123;vladimirputin@gmail.com;;;;;;;;
404;Mandy;Monique;fatihrafie;Mandy123;mandymonique@gmail.com;;;;;;;;
405;Andres;Delite;jenniferlopez;Andres123;andresdelite@gmail.com;;;;;;;;
406;Pahola I.;Satta;omarblanco;PaholaI123;paholaisatta@gmail.com;;;;;;;;
407;Izzy;O Neil;mariorondini;Izzy123;izzyoneil@gmail.com;;;;;;;;
408;Leslie;Alvarez;martinaamici;Leslie123;lesliealvarez@gmail.com;;;;;;;;
409;Abby;Noct;monicabellucci;Abby123;abbynoct@gmail.com;;;;;;;;
410;Nadege;Boteri;michelleobama;Nadege123;nadegeboteri@gmail.com;;;;;;;;
411;Emma;Grease;alexdelpiero;Emma123;emmagrease@gmail.com;;;;;;;;
412;Ekaterina;Nayera;eramgotez;Ekaterina123;ekaterinanayera@gmail.com;;;;;;;;
413;Laurent;Mast;andreacrocetti;Laurent123;laurentmast@gmail.com;;;;;;;;
414;Walter;Williams;arturexcalibur;Walter123;walterwilliams@gmail.com;;;;;;;;
415;Sam;Tutcher;timothywilson;Sam123;samtutcher@gmail.com;;;;;;;;
416;Genna;Rest;jaimelannister;Genna123;gennarest@gmail.com;;;;;;;;
417;Prem;Maran;smaldonefinizi;Prem123;premmaran@gmail.com;;;;;;;;
418;Priya;Tari;ereataraklimm;Priya123;priyatari@gmail.com;;;;;;;;
419;Tamara;Bellini;józsefrocot;Tamara123;tamarabellini@gmail.com;;;;;;;;
420;Estefany;Reis;joseantoniopascal;Estefany123;estefanyreis@gmail.com;;;;;;;;
421;Claudio;Renzi;maevapliz;Claudio123;claudiorenzi@gmail.com;;;;;;;;
422;Denisa;Modici;benjaminbutton;Denisa123;denisamodici@gmail.com;;;;;;;;
423;????????;Teran;laviniacresi;????????123;????????teran@gmail.com;;;;;;;;
424;Álvaro J.;Bezos;riccardonatali;ÁlvaroJ123;álvarojbezos@gmail.com;;;;;;;;
425;Sachin;Vitte;seanconnery;Sachin123;sachinvitte@gmail.com;;;;;;;;
426;Matteo;Salvelli;ericdevito;Matteo123;matteosalvelli@gmail.com;;;;;;;;
427;Emma;Marroni;javierbernelli;Emma123;emmamarroni@gmail.com;;;;;;;;
428;Veronica;Neri;vladimirputin;Veronica123;veronicaneri@gmail.com;;;;;;;;
429;Javier;Arafat;mandymonique;Javier123;javierarafat@gmail.com;;;;;;;;
430;Nazmus Sakib;Destasse;andresdelite;NazmusSakib123;nazmussakibdestasse@gmail.com;;;;;;;;
431;Tommaso Alberto;Valle;paholaisatta;TommasoAlberto123;tommasoalbertovalle@gmail.com;;;;;;;;
432;Sara;Rossi;izzyoneil;Sara123;sararossi@gmail.com;;;;;;;;
433;Mitra;Daini;lesliealvarez;Mitra123;mitradaini@gmail.com;;;;;;;;
434;Mario;Fiori;abbynoct;Mario123;mariofiori@gmail.com;;;;;;;;
435;Denisa;Rossi;nadegeboteri;Denisa123;denisarossi@gmail.com;;;;;;;;
436;Arilda;Mare;emmagrease;Arilda123;arildamare@gmail.com;;;;;;;;
